[{"model": "tst.version", "pk": 1, "fields": {"name": "root"}}, {"model": "tst.version", "pk": 2, "fields": {"name": "putative"}}, {"model": "tst.version", "pk": 3, "fields": {"name": "test"}}, {"model": "tst.version", "pk": 4, "fields": {"name": "test1"}}, {"model": "tst.level", "pk": 1, "fields": {"name": "root", "letter": "R"}}, {"model": "tst.level", "pk": 2, "fields": {"name": "Class", "letter": "C"}}, {"model": "tst.level", "pk": 3, "fields": {"name": "arch", "letter": "A"}}, {"model": "tst.level", "pk": 4, "fields": {"name": "topo", "letter": "T"}}, {"model": "tst.level", "pk": 5, "fields": {"name": "homsf", "letter": "H"}}, {"model": "tst.level", "pk": 6, "fields": {"name": "s35", "letter": "S"}}, {"model": "tst.level", "pk": 7, "fields": {"name": "s60", "letter": "O"}}, {"model": "tst.level", "pk": 8, "fields": {"name": "s95", "letter": "L"}}, {"model": "tst.level", "pk": 9, "fields": {"name": "s100", "letter": "I"}}, {"model": "tst.level", "pk": 10, "fields": {"name": "domain_counter", "letter": "D"}}, {"model": "tst.classification", "pk": 1, "fields": {"Class": 1, "arch": 0, "topo": 0, "homsf": 0, "s35": 0, "s60": 0, "s95": 0, "s100": 0, "version": 1, "level": 2, "parent": null}}, {"model": "tst.classification", "pk": 2, "fields": {"Class": 2, "arch": 0, "topo": 0, "homsf": 0, "s35": 0, "s60": 0, "s95": 0, "s100": 0, "version": 1, "level": 2, "parent": null}}, {"model": "tst.classification", "pk": 3, "fields": {"Class": 3, "arch": 0, "topo": 0, "homsf": 0, "s35": 0, "s60": 0, "s95": 0, "s100": 0, "version": 1, "level": 2, "parent": null}}, {"model": "tst.classification", "pk": 4, "fields": {"Class": 4, "arch": 0, "topo": 0, "homsf": 0, "s35": 0, "s60": 0, "s95": 0, "s100": 0, "version": 1, "level": 2, "parent": null}}, {"model": "tst.classification", "pk": 778, "fields": {"Class": 0, "arch": 0, "topo": 0, "homsf": 0, "s35": 0, "s60": 0, "s95": 0, "s100": 0, "version": 1, "level": 1, "parent": null}}, {"model": "tst.classification", "pk": 6464, "fields": {"Class": 1, "arch": 10, "topo": 0, "homsf": 0, "s35": 0, "s60": 0, "s95": 0, "s100": 0, "version": 3, "level": 3, "parent": 1}}, {"model": "tst.classification", "pk": 6465, "fields": {"Class": 1, "arch": 10, "topo": 30, "homsf": 0, "s35": 0, "s60": 0, "s95": 0, "s100": 0, "version": 3, "level": 4, "parent": 6464}}, {"model": "tst.classification", "pk": 6466, "fields": {"Class": 1, "arch": 10, "topo": 30, "homsf": 10, "s35": 0, "s60": 0, "s95": 0, "s100": 0, "version": 3, "level": 5, "parent": 6465}}, {"model": "tst.classification", "pk": 6467, "fields": {"Class": 1, "arch": 10, "topo": 30, "homsf": 10, "s35": 1, "s60": 0, "s95": 0, "s100": 0, "version": 3, "level": 6, "parent": 6466}}, {"model": "tst.classification", "pk": 6468, "fields": {"Class": 1, "arch": 10, "topo": 30, "homsf": 10, "s35": 2, "s60": 0, "s95": 0, "s100": 0, "version": 3, "level": 6, "parent": 6466}}, {"model": "tst.classification", "pk": 6469, "fields": {"Class": 1, "arch": 10, "topo": 30, "homsf": 10, "s35": 3, "s60": 0, "s95": 0, "s100": 0, "version": 3, "level": 6, "parent": 6466}}, {"model": "tst.classification", "pk": 6470, "fields": {"Class": 1, "arch": 10, "topo": 30, "homsf": 10, "s35": 4, "s60": 0, "s95": 0, "s100": 0, "version": 3, "level": 6, "parent": 6466}}, {"model": "tst.classification", "pk": 6471, "fields": {"Class": 1, "arch": 10, "topo": 30, "homsf": 10, "s35": 5, "s60": 0, "s95": 0, "s100": 0, "version": 3, "level": 6, "parent": 6466}}, {"model": "tst.classification", "pk": 6472, "fields": {"Class": 1, "arch": 10, "topo": 30, "homsf": 10, "s35": 6, "s60": 0, "s95": 0, "s100": 0, "version": 3, "level": 6, "parent": 6466}}, {"model": "tst.classification", "pk": 6473, "fields": {"Class": 1, "arch": 10, "topo": 30, "homsf": 10, "s35": 7, "s60": 0, "s95": 0, "s100": 0, "version": 3, "level": 6, "parent": 6466}}, {"model": "tst.classification", "pk": 6474, "fields": {"Class": 1, "arch": 10, "topo": 30, "homsf": 10, "s35": 8, "s60": 0, "s95": 0, "s100": 0, "version": 3, "level": 6, "parent": 6466}}, {"model": "tst.classification", "pk": 6475, "fields": {"Class": 1, "arch": 10, "topo": 30, "homsf": 10, "s35": 9, "s60": 0, "s95": 0, "s100": 0, "version": 3, "level": 6, "parent": 6466}}, {"model": "tst.classification", "pk": 6476, "fields": {"Class": 1, "arch": 10, "topo": 30, "homsf": 10, "s35": 10, "s60": 0, "s95": 0, "s100": 0, "version": 3, "level": 6, "parent": 6466}}, {"model": "tst.classification", "pk": 6477, "fields": {"Class": 1, "arch": 10, "topo": 30, "homsf": 10, "s35": 11, "s60": 0, "s95": 0, "s100": 0, "version": 3, "level": 6, "parent": 6466}}, {"model": "tst.classification", "pk": 6478, "fields": {"Class": 1, "arch": 10, "topo": 30, "homsf": 10, "s35": 12, "s60": 0, "s95": 0, "s100": 0, "version": 3, "level": 6, "parent": 6466}}, {"model": "tst.classification", "pk": 6479, "fields": {"Class": 1, "arch": 10, "topo": 30, "homsf": 10, "s35": 13, "s60": 0, "s95": 0, "s100": 0, "version": 3, "level": 6, "parent": 6466}}, {"model": "tst.classification", "pk": 6480, "fields": {"Class": 1, "arch": 10, "topo": 30, "homsf": 10, "s35": 14, "s60": 0, "s95": 0, "s100": 0, "version": 3, "level": 6, "parent": 6466}}, {"model": "tst.classification", "pk": 6481, "fields": {"Class": 1, "arch": 10, "topo": 30, "homsf": 10, "s35": 15, "s60": 0, "s95": 0, "s100": 0, "version": 3, "level": 6, "parent": 6466}}, {"model": "tst.classification", "pk": 6482, "fields": {"Class": 1, "arch": 10, "topo": 30, "homsf": 10, "s35": 16, "s60": 0, "s95": 0, "s100": 0, "version": 3, "level": 6, "parent": 6466}}, {"model": "tst.classification", "pk": 6483, "fields": {"Class": 1, "arch": 10, "topo": 30, "homsf": 10, "s35": 17, "s60": 0, "s95": 0, "s100": 0, "version": 3, "level": 6, "parent": 6466}}, {"model": "tst.classification", "pk": 6484, "fields": {"Class": 1, "arch": 10, "topo": 30, "homsf": 10, "s35": 18, "s60": 0, "s95": 0, "s100": 0, "version": 3, "level": 6, "parent": 6466}}, {"model": "tst.classification", "pk": 6485, "fields": {"Class": 1, "arch": 10, "topo": 30, "homsf": 10, "s35": 19, "s60": 0, "s95": 0, "s100": 0, "version": 3, "level": 6, "parent": 6466}}, {"model": "tst.classification", "pk": 6486, "fields": {"Class": 1, "arch": 10, "topo": 30, "homsf": 10, "s35": 20, "s60": 0, "s95": 0, "s100": 0, "version": 3, "level": 6, "parent": 6466}}, {"model": "tst.classification", "pk": 6487, "fields": {"Class": 1, "arch": 10, "topo": 60, "homsf": 0, "s35": 0, "s60": 0, "s95": 0, "s100": 0, "version": 3, "level": 4, "parent": 6464}}, {"model": "tst.classification", "pk": 6488, "fields": {"Class": 1, "arch": 10, "topo": 60, "homsf": 10, "s35": 0, "s60": 0, "s95": 0, "s100": 0, "version": 3, "level": 5, "parent": 6487}}, {"model": "tst.classification", "pk": 6489, "fields": {"Class": 1, "arch": 10, "topo": 60, "homsf": 10, "s35": 1, "s60": 0, "s95": 0, "s100": 0, "version": 3, "level": 6, "parent": 6488}}, {"model": "tst.classification", "pk": 6490, "fields": {"Class": 1, "arch": 10, "topo": 60, "homsf": 10, "s35": 2, "s60": 0, "s95": 0, "s100": 0, "version": 3, "level": 6, "parent": 6488}}, {"model": "tst.classification", "pk": 6491, "fields": {"Class": 1, "arch": 10, "topo": 60, "homsf": 10, "s35": 3, "s60": 0, "s95": 0, "s100": 0, "version": 3, "level": 6, "parent": 6488}}, {"model": "tst.classification", "pk": 6492, "fields": {"Class": 1, "arch": 10, "topo": 60, "homsf": 10, "s35": 4, "s60": 0, "s95": 0, "s100": 0, "version": 3, "level": 6, "parent": 6488}}, {"model": "tst.classification", "pk": 6493, "fields": {"Class": 2, "arch": 30, "topo": 0, "homsf": 0, "s35": 0, "s60": 0, "s95": 0, "s100": 0, "version": 3, "level": 3, "parent": 2}}, {"model": "tst.classification", "pk": 6494, "fields": {"Class": 2, "arch": 30, "topo": 39, "homsf": 0, "s35": 0, "s60": 0, "s95": 0, "s100": 0, "version": 3, "level": 4, "parent": 6493}}, {"model": "tst.classification", "pk": 6495, "fields": {"Class": 2, "arch": 30, "topo": 39, "homsf": 10, "s35": 0, "s60": 0, "s95": 0, "s100": 0, "version": 3, "level": 5, "parent": 6494}}, {"model": "tst.classification", "pk": 6496, "fields": {"Class": 2, "arch": 30, "topo": 39, "homsf": 10, "s35": 1, "s60": 0, "s95": 0, "s100": 0, "version": 3, "level": 6, "parent": 6495}}, {"model": "tst.classification", "pk": 6497, "fields": {"Class": 2, "arch": 30, "topo": 39, "homsf": 10, "s35": 2, "s60": 0, "s95": 0, "s100": 0, "version": 3, "level": 6, "parent": 6495}}, {"model": "tst.classification", "pk": 6498, "fields": {"Class": 2, "arch": 30, "topo": 39, "homsf": 10, "s35": 3, "s60": 0, "s95": 0, "s100": 0, "version": 3, "level": 6, "parent": 6495}}, {"model": "tst.classification", "pk": 6499, "fields": {"Class": 2, "arch": 30, "topo": 39, "homsf": 10, "s35": 4, "s60": 0, "s95": 0, "s100": 0, "version": 3, "level": 6, "parent": 6495}}, {"model": "tst.classification", "pk": 6500, "fields": {"Class": 2, "arch": 30, "topo": 39, "homsf": 10, "s35": 5, "s60": 0, "s95": 0, "s100": 0, "version": 3, "level": 6, "parent": 6495}}, {"model": "tst.classification", "pk": 6501, "fields": {"Class": 2, "arch": 30, "topo": 39, "homsf": 10, "s35": 6, "s60": 0, "s95": 0, "s100": 0, "version": 3, "level": 6, "parent": 6495}}, {"model": "tst.classification", "pk": 6502, "fields": {"Class": 2, "arch": 30, "topo": 39, "homsf": 10, "s35": 7, "s60": 0, "s95": 0, "s100": 0, "version": 3, "level": 6, "parent": 6495}}, {"model": "tst.classification", "pk": 6503, "fields": {"Class": 2, "arch": 30, "topo": 39, "homsf": 10, "s35": 8, "s60": 0, "s95": 0, "s100": 0, "version": 3, "level": 6, "parent": 6495}}, {"model": "tst.classification", "pk": 6504, "fields": {"Class": 2, "arch": 30, "topo": 39, "homsf": 10, "s35": 9, "s60": 0, "s95": 0, "s100": 0, "version": 3, "level": 6, "parent": 6495}}, {"model": "tst.classification", "pk": 6505, "fields": {"Class": 2, "arch": 30, "topo": 39, "homsf": 10, "s35": 10, "s60": 0, "s95": 0, "s100": 0, "version": 3, "level": 6, "parent": 6495}}, {"model": "tst.classification", "pk": 6506, "fields": {"Class": 2, "arch": 30, "topo": 39, "homsf": 10, "s35": 11, "s60": 0, "s95": 0, "s100": 0, "version": 3, "level": 6, "parent": 6495}}, {"model": "tst.classification", "pk": 6507, "fields": {"Class": 2, "arch": 30, "topo": 39, "homsf": 10, "s35": 12, "s60": 0, "s95": 0, "s100": 0, "version": 3, "level": 6, "parent": 6495}}, {"model": "tst.classification", "pk": 6508, "fields": {"Class": 2, "arch": 30, "topo": 39, "homsf": 10, "s35": 13, "s60": 0, "s95": 0, "s100": 0, "version": 3, "level": 6, "parent": 6495}}, {"model": "tst.classification", "pk": 6509, "fields": {"Class": 2, "arch": 30, "topo": 39, "homsf": 10, "s35": 14, "s60": 0, "s95": 0, "s100": 0, "version": 3, "level": 6, "parent": 6495}}, {"model": "tst.classification", "pk": 6510, "fields": {"Class": 2, "arch": 30, "topo": 39, "homsf": 10, "s35": 15, "s60": 0, "s95": 0, "s100": 0, "version": 3, "level": 6, "parent": 6495}}, {"model": "tst.classification", "pk": 6511, "fields": {"Class": 2, "arch": 30, "topo": 39, "homsf": 10, "s35": 16, "s60": 0, "s95": 0, "s100": 0, "version": 3, "level": 6, "parent": 6495}}, {"model": "tst.classification", "pk": 6512, "fields": {"Class": 2, "arch": 30, "topo": 39, "homsf": 10, "s35": 17, "s60": 0, "s95": 0, "s100": 0, "version": 3, "level": 6, "parent": 6495}}, {"model": "tst.classification", "pk": 6513, "fields": {"Class": 2, "arch": 30, "topo": 39, "homsf": 10, "s35": 18, "s60": 0, "s95": 0, "s100": 0, "version": 3, "level": 6, "parent": 6495}}, {"model": "tst.classification", "pk": 6514, "fields": {"Class": 2, "arch": 30, "topo": 39, "homsf": 10, "s35": 19, "s60": 0, "s95": 0, "s100": 0, "version": 3, "level": 6, "parent": 6495}}, {"model": "tst.classification", "pk": 6515, "fields": {"Class": 2, "arch": 30, "topo": 39, "homsf": 10, "s35": 20, "s60": 0, "s95": 0, "s100": 0, "version": 3, "level": 6, "parent": 6495}}, {"model": "tst.classification", "pk": 6516, "fields": {"Class": 2, "arch": 30, "topo": 39, "homsf": 10, "s35": 21, "s60": 0, "s95": 0, "s100": 0, "version": 3, "level": 6, "parent": 6495}}, {"model": "tst.classification", "pk": 6517, "fields": {"Class": 2, "arch": 30, "topo": 39, "homsf": 10, "s35": 22, "s60": 0, "s95": 0, "s100": 0, "version": 3, "level": 6, "parent": 6495}}, {"model": "tst.classification", "pk": 6518, "fields": {"Class": 2, "arch": 30, "topo": 39, "homsf": 10, "s35": 23, "s60": 0, "s95": 0, "s100": 0, "version": 3, "level": 6, "parent": 6495}}, {"model": "tst.classification", "pk": 6519, "fields": {"Class": 2, "arch": 30, "topo": 39, "homsf": 10, "s35": 24, "s60": 0, "s95": 0, "s100": 0, "version": 3, "level": 6, "parent": 6495}}, {"model": "tst.classification", "pk": 6520, "fields": {"Class": 2, "arch": 30, "topo": 39, "homsf": 10, "s35": 25, "s60": 0, "s95": 0, "s100": 0, "version": 3, "level": 6, "parent": 6495}}, {"model": "tst.classification", "pk": 6521, "fields": {"Class": 2, "arch": 30, "topo": 39, "homsf": 10, "s35": 26, "s60": 0, "s95": 0, "s100": 0, "version": 3, "level": 6, "parent": 6495}}, {"model": "tst.classification", "pk": 6522, "fields": {"Class": 2, "arch": 30, "topo": 39, "homsf": 10, "s35": 27, "s60": 0, "s95": 0, "s100": 0, "version": 3, "level": 6, "parent": 6495}}, {"model": "tst.classification", "pk": 6523, "fields": {"Class": 2, "arch": 30, "topo": 39, "homsf": 10, "s35": 28, "s60": 0, "s95": 0, "s100": 0, "version": 3, "level": 6, "parent": 6495}}, {"model": "tst.classification", "pk": 6524, "fields": {"Class": 2, "arch": 30, "topo": 39, "homsf": 10, "s35": 29, "s60": 0, "s95": 0, "s100": 0, "version": 3, "level": 6, "parent": 6495}}, {"model": "tst.classification", "pk": 6525, "fields": {"Class": 2, "arch": 30, "topo": 39, "homsf": 10, "s35": 30, "s60": 0, "s95": 0, "s100": 0, "version": 3, "level": 6, "parent": 6495}}, {"model": "tst.classification", "pk": 6526, "fields": {"Class": 2, "arch": 30, "topo": 39, "homsf": 10, "s35": 31, "s60": 0, "s95": 0, "s100": 0, "version": 3, "level": 6, "parent": 6495}}, {"model": "tst.classification", "pk": 6527, "fields": {"Class": 2, "arch": 30, "topo": 39, "homsf": 10, "s35": 32, "s60": 0, "s95": 0, "s100": 0, "version": 3, "level": 6, "parent": 6495}}, {"model": "tst.classification", "pk": 6528, "fields": {"Class": 2, "arch": 30, "topo": 39, "homsf": 10, "s35": 33, "s60": 0, "s95": 0, "s100": 0, "version": 3, "level": 6, "parent": 6495}}, {"model": "tst.classification", "pk": 6529, "fields": {"Class": 2, "arch": 30, "topo": 39, "homsf": 10, "s35": 34, "s60": 0, "s95": 0, "s100": 0, "version": 3, "level": 6, "parent": 6495}}, {"model": "tst.classification", "pk": 6530, "fields": {"Class": 2, "arch": 30, "topo": 39, "homsf": 10, "s35": 35, "s60": 0, "s95": 0, "s100": 0, "version": 3, "level": 6, "parent": 6495}}, {"model": "tst.classification", "pk": 6531, "fields": {"Class": 2, "arch": 30, "topo": 39, "homsf": 10, "s35": 36, "s60": 0, "s95": 0, "s100": 0, "version": 3, "level": 6, "parent": 6495}}, {"model": "tst.classification", "pk": 6532, "fields": {"Class": 3, "arch": 30, "topo": 0, "homsf": 0, "s35": 0, "s60": 0, "s95": 0, "s100": 0, "version": 3, "level": 3, "parent": 3}}, {"model": "tst.classification", "pk": 6533, "fields": {"Class": 3, "arch": 30, "topo": 497, "homsf": 0, "s35": 0, "s60": 0, "s95": 0, "s100": 0, "version": 3, "level": 4, "parent": 6532}}, {"model": "tst.classification", "pk": 6534, "fields": {"Class": 3, "arch": 30, "topo": 497, "homsf": 10, "s35": 0, "s60": 0, "s95": 0, "s100": 0, "version": 3, "level": 5, "parent": 6533}}, {"model": "tst.classification", "pk": 6535, "fields": {"Class": 3, "arch": 30, "topo": 497, "homsf": 10, "s35": 1, "s60": 0, "s95": 0, "s100": 0, "version": 3, "level": 6, "parent": 6534}}, {"model": "tst.classification", "pk": 6536, "fields": {"Class": 3, "arch": 30, "topo": 497, "homsf": 10, "s35": 2, "s60": 0, "s95": 0, "s100": 0, "version": 3, "level": 6, "parent": 6534}}, {"model": "tst.classification", "pk": 6537, "fields": {"Class": 3, "arch": 30, "topo": 497, "homsf": 10, "s35": 3, "s60": 0, "s95": 0, "s100": 0, "version": 3, "level": 6, "parent": 6534}}, {"model": "tst.classification", "pk": 6538, "fields": {"Class": 3, "arch": 30, "topo": 497, "homsf": 10, "s35": 4, "s60": 0, "s95": 0, "s100": 0, "version": 3, "level": 6, "parent": 6534}}, {"model": "tst.classification", "pk": 6539, "fields": {"Class": 3, "arch": 30, "topo": 497, "homsf": 10, "s35": 5, "s60": 0, "s95": 0, "s100": 0, "version": 3, "level": 6, "parent": 6534}}, {"model": "tst.classification", "pk": 6540, "fields": {"Class": 3, "arch": 30, "topo": 497, "homsf": 10, "s35": 6, "s60": 0, "s95": 0, "s100": 0, "version": 3, "level": 6, "parent": 6534}}, {"model": "tst.classification", "pk": 6541, "fields": {"Class": 3, "arch": 30, "topo": 497, "homsf": 10, "s35": 7, "s60": 0, "s95": 0, "s100": 0, "version": 3, "level": 6, "parent": 6534}}, {"model": "tst.classification", "pk": 6542, "fields": {"Class": 3, "arch": 30, "topo": 497, "homsf": 10, "s35": 8, "s60": 0, "s95": 0, "s100": 0, "version": 3, "level": 6, "parent": 6534}}, {"model": "tst.classification", "pk": 6543, "fields": {"Class": 3, "arch": 30, "topo": 497, "homsf": 10, "s35": 9, "s60": 0, "s95": 0, "s100": 0, "version": 3, "level": 6, "parent": 6534}}, {"model": "tst.classification", "pk": 6544, "fields": {"Class": 3, "arch": 30, "topo": 497, "homsf": 10, "s35": 10, "s60": 0, "s95": 0, "s100": 0, "version": 3, "level": 6, "parent": 6534}}, {"model": "tst.classification", "pk": 6545, "fields": {"Class": 3, "arch": 30, "topo": 497, "homsf": 10, "s35": 11, "s60": 0, "s95": 0, "s100": 0, "version": 3, "level": 6, "parent": 6534}}, {"model": "tst.classification", "pk": 6546, "fields": {"Class": 3, "arch": 30, "topo": 497, "homsf": 10, "s35": 12, "s60": 0, "s95": 0, "s100": 0, "version": 3, "level": 6, "parent": 6534}}, {"model": "tst.classification", "pk": 6547, "fields": {"Class": 3, "arch": 30, "topo": 497, "homsf": 10, "s35": 13, "s60": 0, "s95": 0, "s100": 0, "version": 3, "level": 6, "parent": 6534}}, {"model": "tst.classification", "pk": 6548, "fields": {"Class": 3, "arch": 30, "topo": 497, "homsf": 10, "s35": 14, "s60": 0, "s95": 0, "s100": 0, "version": 3, "level": 6, "parent": 6534}}, {"model": "tst.classification", "pk": 6549, "fields": {"Class": 3, "arch": 30, "topo": 497, "homsf": 10, "s35": 15, "s60": 0, "s95": 0, "s100": 0, "version": 3, "level": 6, "parent": 6534}}, {"model": "tst.classification", "pk": 6550, "fields": {"Class": 3, "arch": 30, "topo": 497, "homsf": 10, "s35": 16, "s60": 0, "s95": 0, "s100": 0, "version": 3, "level": 6, "parent": 6534}}, {"model": "tst.classification", "pk": 6551, "fields": {"Class": 3, "arch": 30, "topo": 497, "homsf": 10, "s35": 17, "s60": 0, "s95": 0, "s100": 0, "version": 3, "level": 6, "parent": 6534}}, {"model": "tst.classification", "pk": 6552, "fields": {"Class": 3, "arch": 30, "topo": 497, "homsf": 10, "s35": 18, "s60": 0, "s95": 0, "s100": 0, "version": 3, "level": 6, "parent": 6534}}, {"model": "tst.classification", "pk": 6553, "fields": {"Class": 3, "arch": 30, "topo": 497, "homsf": 10, "s35": 19, "s60": 0, "s95": 0, "s100": 0, "version": 3, "level": 6, "parent": 6534}}, {"model": "tst.classification", "pk": 6554, "fields": {"Class": 3, "arch": 30, "topo": 497, "homsf": 10, "s35": 20, "s60": 0, "s95": 0, "s100": 0, "version": 3, "level": 6, "parent": 6534}}, {"model": "tst.classification", "pk": 6555, "fields": {"Class": 3, "arch": 30, "topo": 497, "homsf": 10, "s35": 21, "s60": 0, "s95": 0, "s100": 0, "version": 3, "level": 6, "parent": 6534}}, {"model": "tst.classification", "pk": 6556, "fields": {"Class": 3, "arch": 30, "topo": 497, "homsf": 10, "s35": 22, "s60": 0, "s95": 0, "s100": 0, "version": 3, "level": 6, "parent": 6534}}, {"model": "tst.classification", "pk": 6557, "fields": {"Class": 3, "arch": 30, "topo": 497, "homsf": 10, "s35": 23, "s60": 0, "s95": 0, "s100": 0, "version": 3, "level": 6, "parent": 6534}}, {"model": "tst.classification", "pk": 6558, "fields": {"Class": 3, "arch": 30, "topo": 497, "homsf": 10, "s35": 24, "s60": 0, "s95": 0, "s100": 0, "version": 3, "level": 6, "parent": 6534}}, {"model": "tst.classification", "pk": 6559, "fields": {"Class": 3, "arch": 30, "topo": 497, "homsf": 10, "s35": 25, "s60": 0, "s95": 0, "s100": 0, "version": 3, "level": 6, "parent": 6534}}, {"model": "tst.classification", "pk": 6560, "fields": {"Class": 3, "arch": 30, "topo": 497, "homsf": 10, "s35": 26, "s60": 0, "s95": 0, "s100": 0, "version": 3, "level": 6, "parent": 6534}}, {"model": "tst.classification", "pk": 6561, "fields": {"Class": 3, "arch": 30, "topo": 497, "homsf": 10, "s35": 27, "s60": 0, "s95": 0, "s100": 0, "version": 3, "level": 6, "parent": 6534}}, {"model": "tst.classification", "pk": 6562, "fields": {"Class": 3, "arch": 30, "topo": 497, "homsf": 10, "s35": 28, "s60": 0, "s95": 0, "s100": 0, "version": 3, "level": 6, "parent": 6534}}, {"model": "tst.classification", "pk": 6563, "fields": {"Class": 3, "arch": 30, "topo": 497, "homsf": 10, "s35": 29, "s60": 0, "s95": 0, "s100": 0, "version": 3, "level": 6, "parent": 6534}}, {"model": "tst.classification", "pk": 6564, "fields": {"Class": 3, "arch": 30, "topo": 497, "homsf": 10, "s35": 30, "s60": 0, "s95": 0, "s100": 0, "version": 3, "level": 6, "parent": 6534}}, {"model": "tst.classification", "pk": 6565, "fields": {"Class": 3, "arch": 30, "topo": 497, "homsf": 10, "s35": 31, "s60": 0, "s95": 0, "s100": 0, "version": 3, "level": 6, "parent": 6534}}, {"model": "tst.classification", "pk": 6566, "fields": {"Class": 3, "arch": 30, "topo": 497, "homsf": 10, "s35": 32, "s60": 0, "s95": 0, "s100": 0, "version": 3, "level": 6, "parent": 6534}}, {"model": "tst.classification", "pk": 6567, "fields": {"Class": 3, "arch": 30, "topo": 497, "homsf": 10, "s35": 33, "s60": 0, "s95": 0, "s100": 0, "version": 3, "level": 6, "parent": 6534}}, {"model": "tst.classification", "pk": 6568, "fields": {"Class": 3, "arch": 30, "topo": 497, "homsf": 10, "s35": 34, "s60": 0, "s95": 0, "s100": 0, "version": 3, "level": 6, "parent": 6534}}, {"model": "tst.classification", "pk": 6569, "fields": {"Class": 3, "arch": 30, "topo": 497, "homsf": 10, "s35": 35, "s60": 0, "s95": 0, "s100": 0, "version": 3, "level": 6, "parent": 6534}}, {"model": "tst.node_stat", "pk": 6466, "fields": {"Rsq_NBcount_Acount": 0.86070405344934, "Rsq_NBcount_Rcount": 0.810168994699864}}, {"model": "tst.node_stat", "pk": 6488, "fields": {"Rsq_NBcount_Acount": null, "Rsq_NBcount_Rcount": null}}, {"model": "tst.node_stat", "pk": 6495, "fields": {"Rsq_NBcount_Acount": 0.97572775483762, "Rsq_NBcount_Rcount": 0.947901343956344}}, {"model": "tst.node_stat", "pk": 6534, "fields": {"Rsq_NBcount_Acount": 0.975677323547311, "Rsq_NBcount_Rcount": 0.948192740193405}}, {"model": "tst.domain", "pk": 4800, "fields": {"domain_id": "3fghA00", "domain_length": 0, "resolution": 0.0, "nDOPE": 0.0, "raw_DOPE": 0.0, "classification": 6467}}, {"model": "tst.domain", "pk": 4801, "fields": {"domain_id": "4y60C00", "domain_length": 0, "resolution": 0.0, "nDOPE": 0.0, "raw_DOPE": 0.0, "classification": 6468}}, {"model": "tst.domain", "pk": 4802, "fields": {"domain_id": "4qr9A00", "domain_length": 0, "resolution": 0.0, "nDOPE": 0.0, "raw_DOPE": 0.0, "classification": 6469}}, {"model": "tst.domain", "pk": 4803, "fields": {"domain_id": "3tq6B02", "domain_length": 0, "resolution": 0.0, "nDOPE": 0.0, "raw_DOPE": 0.0, "classification": 6470}}, {"model": "tst.domain", "pk": 4804, "fields": {"domain_id": "1qrvA00", "domain_length": 0, "resolution": 0.0, "nDOPE": 0.0, "raw_DOPE": 0.0, "classification": 6471}}, {"model": "tst.domain", "pk": 4805, "fields": {"domain_id": "2hdzA00", "domain_length": 0, "resolution": 0.0, "nDOPE": 0.0, "raw_DOPE": 0.0, "classification": 6472}}, {"model": "tst.domain", "pk": 4806, "fields": {"domain_id": "3tmmA01", "domain_length": 0, "resolution": 0.0, "nDOPE": 0.0, "raw_DOPE": 0.0, "classification": 6473}}, {"model": "tst.domain", "pk": 4807, "fields": {"domain_id": "1l8yA00", "domain_length": 0, "resolution": 0.0, "nDOPE": 0.0, "raw_DOPE": 0.0, "classification": 6474}}, {"model": "tst.domain", "pk": 4808, "fields": {"domain_id": "2lhjA01", "domain_length": 0, "resolution": 0.0, "nDOPE": 0.0, "raw_DOPE": 0.0, "classification": 6475}}, {"model": "tst.domain", "pk": 4809, "fields": {"domain_id": "2lefA00", "domain_length": 0, "resolution": 0.0, "nDOPE": 0.0, "raw_DOPE": 0.0, "classification": 6476}}, {"model": "tst.domain", "pk": 4810, "fields": {"domain_id": "2e6oA00", "domain_length": 0, "resolution": 0.0, "nDOPE": 0.0, "raw_DOPE": 0.0, "classification": 6477}}, {"model": "tst.domain", "pk": 4811, "fields": {"domain_id": "2yukA00", "domain_length": 0, "resolution": 0.0, "nDOPE": 0.0, "raw_DOPE": 0.0, "classification": 6478}}, {"model": "tst.domain", "pk": 4812, "fields": {"domain_id": "1k99A00", "domain_length": 0, "resolution": 0.0, "nDOPE": 0.0, "raw_DOPE": 0.0, "classification": 6479}}, {"model": "tst.domain", "pk": 4813, "fields": {"domain_id": "2crjA00", "domain_length": 0, "resolution": 0.0, "nDOPE": 0.0, "raw_DOPE": 0.0, "classification": 6480}}, {"model": "tst.domain", "pk": 4814, "fields": {"domain_id": "2cs1A00", "domain_length": 0, "resolution": 0.0, "nDOPE": 0.0, "raw_DOPE": 0.0, "classification": 6481}}, {"model": "tst.domain", "pk": 4815, "fields": {"domain_id": "1v63A00", "domain_length": 0, "resolution": 0.0, "nDOPE": 0.0, "raw_DOPE": 0.0, "classification": 6482}}, {"model": "tst.domain", "pk": 4816, "fields": {"domain_id": "2ctoA01", "domain_length": 0, "resolution": 0.0, "nDOPE": 0.0, "raw_DOPE": 0.0, "classification": 6483}}, {"model": "tst.domain", "pk": 4817, "fields": {"domain_id": "1wz6A01", "domain_length": 0, "resolution": 0.0, "nDOPE": 0.0, "raw_DOPE": 0.0, "classification": 6484}}, {"model": "tst.domain", "pk": 4818, "fields": {"domain_id": "1wgfA01", "domain_length": 0, "resolution": 0.0, "nDOPE": 0.0, "raw_DOPE": 0.0, "classification": 6485}}, {"model": "tst.domain", "pk": 4819, "fields": {"domain_id": "2d7lA01", "domain_length": 0, "resolution": 0.0, "nDOPE": 0.0, "raw_DOPE": 0.0, "classification": 6486}}, {"model": "tst.domain", "pk": 4820, "fields": {"domain_id": "1on2A02", "domain_length": 0, "resolution": 0.0, "nDOPE": 0.0, "raw_DOPE": 0.0, "classification": 6489}}, {"model": "tst.domain", "pk": 4821, "fields": {"domain_id": "2qq9A02", "domain_length": 0, "resolution": 0.0, "nDOPE": 0.0, "raw_DOPE": 0.0, "classification": 6490}}, {"model": "tst.domain", "pk": 4822, "fields": {"domain_id": "2h09A02", "domain_length": 0, "resolution": 0.0, "nDOPE": 0.0, "raw_DOPE": 0.0, "classification": 6491}}, {"model": "tst.domain", "pk": 4823, "fields": {"domain_id": "1f5tA02", "domain_length": 0, "resolution": 0.0, "nDOPE": 0.0, "raw_DOPE": 0.0, "classification": 6492}}, {"model": "tst.domain", "pk": 4824, "fields": {"domain_id": "5c98B02", "domain_length": 0, "resolution": 0.0, "nDOPE": 0.0, "raw_DOPE": 0.0, "classification": 6496}}, {"model": "tst.domain", "pk": 4825, "fields": {"domain_id": "5cdzA02", "domain_length": 0, "resolution": 0.0, "nDOPE": 0.0, "raw_DOPE": 0.0, "classification": 6497}}, {"model": "tst.domain", "pk": 4826, "fields": {"domain_id": "3b9fI02", "domain_length": 0, "resolution": 0.0, "nDOPE": 0.0, "raw_DOPE": 0.0, "classification": 6498}}, {"model": "tst.domain", "pk": 4827, "fields": {"domain_id": "2arrA02", "domain_length": 0, "resolution": 0.0, "nDOPE": 0.0, "raw_DOPE": 0.0, "classification": 6499}}, {"model": "tst.domain", "pk": 4828, "fields": {"domain_id": "4p0fA02", "domain_length": 0, "resolution": 0.0, "nDOPE": 0.0, "raw_DOPE": 0.0, "classification": 6500}}, {"model": "tst.domain", "pk": 4829, "fields": {"domain_id": "4x30A02", "domain_length": 0, "resolution": 0.0, "nDOPE": 0.0, "raw_DOPE": 0.0, "classification": 6501}}, {"model": "tst.domain", "pk": 4830, "fields": {"domain_id": "3ndaA02", "domain_length": 0, "resolution": 0.0, "nDOPE": 0.0, "raw_DOPE": 0.0, "classification": 6502}}, {"model": "tst.domain", "pk": 4831, "fields": {"domain_id": "2pefA02", "domain_length": 0, "resolution": 0.0, "nDOPE": 0.0, "raw_DOPE": 0.0, "classification": 6503}}, {"model": "tst.domain", "pk": 4832, "fields": {"domain_id": "4dteA02", "domain_length": 0, "resolution": 0.0, "nDOPE": 0.0, "raw_DOPE": 0.0, "classification": 6504}}, {"model": "tst.domain", "pk": 4833, "fields": {"domain_id": "3kcgI02", "domain_length": 0, "resolution": 0.0, "nDOPE": 0.0, "raw_DOPE": 0.0, "classification": 6505}}, {"model": "tst.domain", "pk": 4834, "fields": {"domain_id": "1m93B02", "domain_length": 0, "resolution": 0.0, "nDOPE": 0.0, "raw_DOPE": 0.0, "classification": 6506}}, {"model": "tst.domain", "pk": 4835, "fields": {"domain_id": "1sngA01", "domain_length": 0, "resolution": 0.0, "nDOPE": 0.0, "raw_DOPE": 0.0, "classification": 6507}}, {"model": "tst.domain", "pk": 4836, "fields": {"domain_id": "2xn6A02", "domain_length": 0, "resolution": 0.0, "nDOPE": 0.0, "raw_DOPE": 0.0, "classification": 6508}}, {"model": "tst.domain", "pk": 4837, "fields": {"domain_id": "3dy0A02", "domain_length": 0, "resolution": 0.0, "nDOPE": 0.0, "raw_DOPE": 0.0, "classification": 6509}}, {"model": "tst.domain", "pk": 4838, "fields": {"domain_id": "3le2A02", "domain_length": 0, "resolution": 0.0, "nDOPE": 0.0, "raw_DOPE": 0.0, "classification": 6510}}, {"model": "tst.domain", "pk": 4839, "fields": {"domain_id": "1a7cA02", "domain_length": 0, "resolution": 0.0, "nDOPE": 0.0, "raw_DOPE": 0.0, "classification": 6511}}, {"model": "tst.domain", "pk": 4840, "fields": {"domain_id": "4au2B02", "domain_length": 0, "resolution": 0.0, "nDOPE": 0.0, "raw_DOPE": 0.0, "classification": 6512}}, {"model": "tst.domain", "pk": 4841, "fields": {"domain_id": "3nddA02", "domain_length": 0, "resolution": 0.0, "nDOPE": 0.0, "raw_DOPE": 0.0, "classification": 6513}}, {"model": "tst.domain", "pk": 4842, "fields": {"domain_id": "4r9iA02", "domain_length": 0, "resolution": 0.0, "nDOPE": 0.0, "raw_DOPE": 0.0, "classification": 6514}}, {"model": "tst.domain", "pk": 4843, "fields": {"domain_id": "2h4pA02", "domain_length": 0, "resolution": 0.0, "nDOPE": 0.0, "raw_DOPE": 0.0, "classification": 6515}}, {"model": "tst.domain", "pk": 4844, "fields": {"domain_id": "1sekA02", "domain_length": 0, "resolution": 0.0, "nDOPE": 0.0, "raw_DOPE": 0.0, "classification": 6516}}, {"model": "tst.domain", "pk": 4845, "fields": {"domain_id": "1mtpA02", "domain_length": 0, "resolution": 0.0, "nDOPE": 0.0, "raw_DOPE": 0.0, "classification": 6517}}, {"model": "tst.domain", "pk": 4846, "fields": {"domain_id": "3stoA02", "domain_length": 0, "resolution": 0.0, "nDOPE": 0.0, "raw_DOPE": 0.0, "classification": 6518}}, {"model": "tst.domain", "pk": 4847, "fields": {"domain_id": "4ro9C01", "domain_length": 0, "resolution": 0.0, "nDOPE": 0.0, "raw_DOPE": 0.0, "classification": 6519}}, {"model": "tst.domain", "pk": 4848, "fields": {"domain_id": "1jmoA02", "domain_length": 0, "resolution": 0.0, "nDOPE": 0.0, "raw_DOPE": 0.0, "classification": 6520}}, {"model": "tst.domain", "pk": 4849, "fields": {"domain_id": "3f02B02", "domain_length": 0, "resolution": 0.0, "nDOPE": 0.0, "raw_DOPE": 0.0, "classification": 6521}}, {"model": "tst.domain", "pk": 4850, "fields": {"domain_id": "3ozqA01", "domain_length": 0, "resolution": 0.0, "nDOPE": 0.0, "raw_DOPE": 0.0, "classification": 6522}}, {"model": "tst.domain", "pk": 4851, "fields": {"domain_id": "2wxyC01", "domain_length": 0, "resolution": 0.0, "nDOPE": 0.0, "raw_DOPE": 0.0, "classification": 6523}}, {"model": "tst.domain", "pk": 4852, "fields": {"domain_id": "2r9yA02", "domain_length": 0, "resolution": 0.0, "nDOPE": 0.0, "raw_DOPE": 0.0, "classification": 6524}}, {"model": "tst.domain", "pk": 4853, "fields": {"domain_id": "1k9oI02", "domain_length": 0, "resolution": 0.0, "nDOPE": 0.0, "raw_DOPE": 0.0, "classification": 6525}}, {"model": "tst.domain", "pk": 4854, "fields": {"domain_id": "4afxA02", "domain_length": 0, "resolution": 0.0, "nDOPE": 0.0, "raw_DOPE": 0.0, "classification": 6526}}, {"model": "tst.domain", "pk": 4855, "fields": {"domain_id": "3fgqA01", "domain_length": 0, "resolution": 0.0, "nDOPE": 0.0, "raw_DOPE": 0.0, "classification": 6527}}, {"model": "tst.domain", "pk": 4856, "fields": {"domain_id": "5inwA02", "domain_length": 0, "resolution": 0.0, "nDOPE": 0.0, "raw_DOPE": 0.0, "classification": 6528}}, {"model": "tst.domain", "pk": 4857, "fields": {"domain_id": "2oayA02", "domain_length": 0, "resolution": 0.0, "nDOPE": 0.0, "raw_DOPE": 0.0, "classification": 6529}}, {"model": "tst.domain", "pk": 4858, "fields": {"domain_id": "2znhA02", "domain_length": 0, "resolution": 0.0, "nDOPE": 0.0, "raw_DOPE": 0.0, "classification": 6530}}, {"model": "tst.domain", "pk": 4859, "fields": {"domain_id": "1imvA01", "domain_length": 0, "resolution": 0.0, "nDOPE": 0.0, "raw_DOPE": 0.0, "classification": 6531}}, {"model": "tst.domain", "pk": 4860, "fields": {"domain_id": "5c98A01", "domain_length": 0, "resolution": 0.0, "nDOPE": 0.0, "raw_DOPE": 0.0, "classification": 6535}}, {"model": "tst.domain", "pk": 4861, "fields": {"domain_id": "5cdzA01", "domain_length": 0, "resolution": 0.0, "nDOPE": 0.0, "raw_DOPE": 0.0, "classification": 6536}}, {"model": "tst.domain", "pk": 4862, "fields": {"domain_id": "2arrA01", "domain_length": 0, "resolution": 0.0, "nDOPE": 0.0, "raw_DOPE": 0.0, "classification": 6537}}, {"model": "tst.domain", "pk": 4863, "fields": {"domain_id": "1mtpA01", "domain_length": 0, "resolution": 0.0, "nDOPE": 0.0, "raw_DOPE": 0.0, "classification": 6538}}, {"model": "tst.domain", "pk": 4864, "fields": {"domain_id": "2xn6A01", "domain_length": 0, "resolution": 0.0, "nDOPE": 0.0, "raw_DOPE": 0.0, "classification": 6539}}, {"model": "tst.domain", "pk": 4865, "fields": {"domain_id": "4p0fA01", "domain_length": 0, "resolution": 0.0, "nDOPE": 0.0, "raw_DOPE": 0.0, "classification": 6540}}, {"model": "tst.domain", "pk": 4866, "fields": {"domain_id": "3f02A01", "domain_length": 0, "resolution": 0.0, "nDOPE": 0.0, "raw_DOPE": 0.0, "classification": 6541}}, {"model": "tst.domain", "pk": 4867, "fields": {"domain_id": "1lj5A01", "domain_length": 0, "resolution": 0.0, "nDOPE": 0.0, "raw_DOPE": 0.0, "classification": 6542}}, {"model": "tst.domain", "pk": 4868, "fields": {"domain_id": "4kdsA01", "domain_length": 0, "resolution": 0.0, "nDOPE": 0.0, "raw_DOPE": 0.0, "classification": 6543}}, {"model": "tst.domain", "pk": 4869, "fields": {"domain_id": "2pefA01", "domain_length": 0, "resolution": 0.0, "nDOPE": 0.0, "raw_DOPE": 0.0, "classification": 6544}}, {"model": "tst.domain", "pk": 4870, "fields": {"domain_id": "1ovaB02", "domain_length": 0, "resolution": 0.0, "nDOPE": 0.0, "raw_DOPE": 0.0, "classification": 6545}}, {"model": "tst.domain", "pk": 4871, "fields": {"domain_id": "3ndaA01", "domain_length": 0, "resolution": 0.0, "nDOPE": 0.0, "raw_DOPE": 0.0, "classification": 6546}}, {"model": "tst.domain", "pk": 4872, "fields": {"domain_id": "1wz9A01", "domain_length": 0, "resolution": 0.0, "nDOPE": 0.0, "raw_DOPE": 0.0, "classification": 6547}}, {"model": "tst.domain", "pk": 4873, "fields": {"domain_id": "3pzfA02", "domain_length": 0, "resolution": 0.0, "nDOPE": 0.0, "raw_DOPE": 0.0, "classification": 6548}}, {"model": "tst.domain", "pk": 4874, "fields": {"domain_id": "1jmoA01", "domain_length": 0, "resolution": 0.0, "nDOPE": 0.0, "raw_DOPE": 0.0, "classification": 6549}}, {"model": "tst.domain", "pk": 4875, "fields": {"domain_id": "3kcgI01", "domain_length": 0, "resolution": 0.0, "nDOPE": 0.0, "raw_DOPE": 0.0, "classification": 6550}}, {"model": "tst.domain", "pk": 4876, "fields": {"domain_id": "4au2D01", "domain_length": 0, "resolution": 0.0, "nDOPE": 0.0, "raw_DOPE": 0.0, "classification": 6551}}, {"model": "tst.domain", "pk": 4877, "fields": {"domain_id": "2wxyC02", "domain_length": 0, "resolution": 0.0, "nDOPE": 0.0, "raw_DOPE": 0.0, "classification": 6552}}, {"model": "tst.domain", "pk": 4878, "fields": {"domain_id": "3le2A01", "domain_length": 0, "resolution": 0.0, "nDOPE": 0.0, "raw_DOPE": 0.0, "classification": 6553}}, {"model": "tst.domain", "pk": 4879, "fields": {"domain_id": "1k9oI01", "domain_length": 0, "resolution": 0.0, "nDOPE": 0.0, "raw_DOPE": 0.0, "classification": 6554}}, {"model": "tst.domain", "pk": 4880, "fields": {"domain_id": "3stoA01", "domain_length": 0, "resolution": 0.0, "nDOPE": 0.0, "raw_DOPE": 0.0, "classification": 6555}}, {"model": "tst.domain", "pk": 4881, "fields": {"domain_id": "4r9iA01", "domain_length": 0, "resolution": 0.0, "nDOPE": 0.0, "raw_DOPE": 0.0, "classification": 6556}}, {"model": "tst.domain", "pk": 4882, "fields": {"domain_id": "3f1sA01", "domain_length": 0, "resolution": 0.0, "nDOPE": 0.0, "raw_DOPE": 0.0, "classification": 6557}}, {"model": "tst.domain", "pk": 4883, "fields": {"domain_id": "3fgqA02", "domain_length": 0, "resolution": 0.0, "nDOPE": 0.0, "raw_DOPE": 0.0, "classification": 6558}}, {"model": "tst.domain", "pk": 4884, "fields": {"domain_id": "3ozqA02", "domain_length": 0, "resolution": 0.0, "nDOPE": 0.0, "raw_DOPE": 0.0, "classification": 6559}}, {"model": "tst.domain", "pk": 4885, "fields": {"domain_id": "2r9yA01", "domain_length": 0, "resolution": 0.0, "nDOPE": 0.0, "raw_DOPE": 0.0, "classification": 6560}}, {"model": "tst.domain", "pk": 4886, "fields": {"domain_id": "5inwA01", "domain_length": 0, "resolution": 0.0, "nDOPE": 0.0, "raw_DOPE": 0.0, "classification": 6561}}, {"model": "tst.domain", "pk": 4887, "fields": {"domain_id": "4if8B01", "domain_length": 0, "resolution": 0.0, "nDOPE": 0.0, "raw_DOPE": 0.0, "classification": 6562}}, {"model": "tst.domain", "pk": 4888, "fields": {"domain_id": "4dy0B01", "domain_length": 0, "resolution": 0.0, "nDOPE": 0.0, "raw_DOPE": 0.0, "classification": 6563}}, {"model": "tst.domain", "pk": 4889, "fields": {"domain_id": "2oayA01", "domain_length": 0, "resolution": 0.0, "nDOPE": 0.0, "raw_DOPE": 0.0, "classification": 6564}}, {"model": "tst.domain", "pk": 4890, "fields": {"domain_id": "1m93B01", "domain_length": 0, "resolution": 0.0, "nDOPE": 0.0, "raw_DOPE": 0.0, "classification": 6565}}, {"model": "tst.domain", "pk": 4891, "fields": {"domain_id": "1imvA02", "domain_length": 0, "resolution": 0.0, "nDOPE": 0.0, "raw_DOPE": 0.0, "classification": 6566}}, {"model": "tst.domain", "pk": 4892, "fields": {"domain_id": "1f0cA01", "domain_length": 0, "resolution": 0.0, "nDOPE": 0.0, "raw_DOPE": 0.0, "classification": 6567}}, {"model": "tst.domain", "pk": 4893, "fields": {"domain_id": "2znhB01", "domain_length": 0, "resolution": 0.0, "nDOPE": 0.0, "raw_DOPE": 0.0, "classification": 6568}}, {"model": "tst.domain", "pk": 4894, "fields": {"domain_id": "1jjoC01", "domain_length": 0, "resolution": 0.0, "nDOPE": 0.0, "raw_DOPE": 0.0, "classification": 6569}}, {"model": "tst.domain_stat", "pk": 4800, "fields": {"DOPE": 0.0, "nDOPE": 0.0, "nbpair_count": 60520, "atom_count": 552, "res_count": 67, "maha_dist": 0.852445211617407, "pcx": -0.936868692477342, "pcy": -0.139956429386979}}, {"model": "tst.domain_stat", "pk": 4801, "fields": {"DOPE": 0.0, "nDOPE": 0.0, "nbpair_count": 70458, "atom_count": 648, "res_count": 76, "maha_dist": 0.244698152496825, "pcx": -0.211054051220104, "pcy": -0.461555186399004}}, {"model": "tst.domain_stat", "pk": 4802, "fields": {"DOPE": 0.0, "nDOPE": 0.0, "nbpair_count": 67724, "atom_count": 617, "res_count": 75, "maha_dist": 0.230264563736807, "pcx": -0.410732511615051, "pcy": -0.271445307943045}}, {"model": "tst.domain_stat", "pk": 4803, "fields": {"DOPE": 0.0, "nDOPE": 0.0, "nbpair_count": 79551, "atom_count": 696, "res_count": 82, "maha_dist": 0.210130995130975, "pcx": 0.453022774663246, "pcy": 0.126336403411344}}, {"model": "tst.domain_stat", "pk": 4804, "fields": {"DOPE": 0.0, "nDOPE": 0.0, "nbpair_count": 62173, "atom_count": 583, "res_count": 73, "maha_dist": 0.89592941967284, "pcx": -0.816134033047566, "pcy": -0.526316292505882}}, {"model": "tst.domain_stat", "pk": 4805, "fields": {"DOPE": 0.0, "nDOPE": 0.0, "nbpair_count": 64055, "atom_count": 561, "res_count": 66, "maha_dist": 0.524549425895511, "pcx": -0.678707581098938, "pcy": 0.302511668824785}}, {"model": "tst.domain_stat", "pk": 4806, "fields": {"DOPE": 0.0, "nDOPE": 0.0, "nbpair_count": 95741, "atom_count": 888, "res_count": 106, "maha_dist": 3.87736705442622, "pcx": 1.63546903187002, "pcy": -1.1860354338945}}, {"model": "tst.domain_stat", "pk": 4807, "fields": {"DOPE": 0.0, "nDOPE": 0.0, "nbpair_count": 77243, "atom_count": 700, "res_count": 84, "maha_dist": 0.214959408845681, "pcx": 0.284475407647538, "pcy": -0.381243759800196}}, {"model": "tst.domain_stat", "pk": 4808, "fields": {"DOPE": 0.0, "nDOPE": 0.0, "nbpair_count": 83580, "atom_count": 651, "res_count": 80, "maha_dist": 3.796746283842, "pcx": 0.747227630489143, "pcy": 1.85424537315231}}, {"model": "tst.domain_stat", "pk": 4809, "fields": {"DOPE": 0.0, "nDOPE": 0.0, "nbpair_count": 79414, "atom_count": 724, "res_count": 86, "maha_dist": 0.441922746739883, "pcx": 0.443034635397017, "pcy": -0.518557760053973}}, {"model": "tst.domain_stat", "pk": 4810, "fields": {"DOPE": 0.0, "nDOPE": 0.0, "nbpair_count": 73837, "atom_count": 700, "res_count": 87, "maha_dist": 0.950426164656552, "pcx": 0.0357403603881745, "pcy": -0.999585524612398}}, {"model": "tst.domain_stat", "pk": 4811, "fields": {"DOPE": 0.0, "nDOPE": 0.0, "nbpair_count": 95731, "atom_count": 718, "res_count": 90, "maha_dist": 8.84522102300367, "pcx": 1.63463696381815, "pcy": 2.57657155307246}}, {"model": "tst.domain_stat", "pk": 4812, "fields": {"DOPE": 0.0, "nDOPE": 0.0, "nbpair_count": 94867, "atom_count": 819, "res_count": 91, "maha_dist": 2.37831923662836, "pcx": 1.57160081698914, "pcy": 0.183207001318406}}, {"model": "tst.domain_stat", "pk": 4813, "fields": {"DOPE": 0.0, "nDOPE": 0.0, "nbpair_count": 76283, "atom_count": 731, "res_count": 92, "maha_dist": 1.50905289990435, "pcx": 0.21438661479055, "pcy": -1.24198032035136}}, {"model": "tst.domain_stat", "pk": 4814, "fields": {"DOPE": 0.0, "nDOPE": 0.0, "nbpair_count": 72627, "atom_count": 719, "res_count": 92, "maha_dist": 2.55770096597462, "pcx": -0.0526127404171881, "pcy": -1.63998436146046}}, {"model": "tst.domain_stat", "pk": 4815, "fields": {"DOPE": 0.0, "nDOPE": 0.0, "nbpair_count": 90998, "atom_count": 815, "res_count": 101, "maha_dist": 1.75472843241568, "pcx": 1.28905118256002, "pcy": -0.4306153842795}}, {"model": "tst.domain_stat", "pk": 4816, "fields": {"DOPE": 0.0, "nDOPE": 0.0, "nbpair_count": 59077, "atom_count": 500, "res_count": 61, "maha_dist": 1.56575655657058, "pcx": -1.04227994158, "pcy": 0.749544741673283}}, {"model": "tst.domain_stat", "pk": 4817, "fields": {"DOPE": 0.0, "nDOPE": 0.0, "nbpair_count": 60975, "atom_count": 512, "res_count": 60, "maha_dist": 1.42770246595091, "pcx": -0.903664677118585, "pcy": 0.828392933534038}}, {"model": "tst.domain_stat", "pk": 4818, "fields": {"DOPE": 0.0, "nDOPE": 0.0, "nbpair_count": 51891, "atom_count": 453, "res_count": 53, "maha_dist": 2.55710858400745, "pcx": -1.56709083253136, "pcy": 0.485715522625966}}, {"model": "tst.domain_stat", "pk": 4819, "fields": {"DOPE": 0.0, "nDOPE": 0.0, "nbpair_count": 50215, "atom_count": 430, "res_count": 53, "maha_dist": 3.16497040848364, "pcx": -1.68950035750686, "pcy": 0.690750563074709}}, {"model": "tst.domain_stat", "pk": 4820, "fields": {"DOPE": 0.0, "nDOPE": 0.0, "nbpair_count": 63661, "atom_count": 538, "res_count": 63, "maha_dist": null, "pcx": null, "pcy": null}}, {"model": "tst.domain_stat", "pk": 4821, "fields": {"DOPE": 0.0, "nDOPE": 0.0, "nbpair_count": 75306, "atom_count": 532, "res_count": 66, "maha_dist": null, "pcx": null, "pcy": null}}, {"model": "tst.domain_stat", "pk": 4822, "fields": {"DOPE": 0.0, "nDOPE": 0.0, "nbpair_count": 50208, "atom_count": 451, "res_count": 56, "maha_dist": null, "pcx": null, "pcy": null}}, {"model": "tst.domain_stat", "pk": 4823, "fields": {"DOPE": 0.0, "nDOPE": 0.0, "nbpair_count": 44267, "atom_count": 390, "res_count": 46, "maha_dist": null, "pcx": null, "pcy": null}}, {"model": "tst.domain_stat", "pk": 4824, "fields": {"DOPE": 0.0, "nDOPE": 0.0, "nbpair_count": 159287, "atom_count": 1012, "res_count": 129, "maha_dist": 1.6644808439611, "pcx": -0.0476255551671898, "pcy": 1.30868310293573}}, {"model": "tst.domain_stat", "pk": 4825, "fields": {"DOPE": 0.0, "nDOPE": 0.0, "nbpair_count": 144749, "atom_count": 1066, "res_count": 144, "maha_dist": 4.82575794665926, "pcx": -0.336679321962069, "pcy": -2.20423230856347}}, {"model": "tst.domain_stat", "pk": 4826, "fields": {"DOPE": 0.0, "nDOPE": 0.0, "nbpair_count": 171438, "atom_count": 1106, "res_count": 139, "maha_dist": 0.0434081142064012, "pcx": 0.193979567307284, "pcy": -0.0842344292666245}}, {"model": "tst.domain_stat", "pk": 4827, "fields": {"DOPE": 0.0, "nDOPE": 0.0, "nbpair_count": 160312, "atom_count": 1022, "res_count": 125, "maha_dist": 1.2329626356941, "pcx": -0.0272447406318846, "pcy": 1.12675767754825}}, {"model": "tst.domain_stat", "pk": 4829, "fields": {"DOPE": 0.0, "nDOPE": 0.0, "nbpair_count": 175972, "atom_count": 1148, "res_count": 144, "maha_dist": 0.730108433313834, "pcx": 0.284132180596411, "pcy": -0.819452155554281}}, {"model": "tst.domain_stat", "pk": 4830, "fields": {"DOPE": 0.0, "nDOPE": 0.0, "nbpair_count": 183403, "atom_count": 1107, "res_count": 132, "maha_dist": 2.06448673436503, "pcx": 0.431878971717006, "pcy": 1.39302817352175}}, {"model": "tst.domain_stat", "pk": 4831, "fields": {"DOPE": 0.0, "nDOPE": 0.0, "nbpair_count": 139377, "atom_count": 970, "res_count": 123, "maha_dist": 0.201711300075303, "pcx": -0.443498185465752, "pcy": 0.105513616194945}}, {"model": "tst.domain_stat", "pk": 4832, "fields": {"DOPE": 0.0, "nDOPE": 0.0, "nbpair_count": 151341, "atom_count": 1077, "res_count": 135, "maha_dist": 2.89729509437195, "pcx": -0.205610124662875, "pcy": -1.71546389995522}}, {"model": "tst.domain_stat", "pk": 4833, "fields": {"DOPE": 0.0, "nDOPE": 0.0, "nbpair_count": 175438, "atom_count": 1137, "res_count": 146, "maha_dist": 0.360384719230617, "pcx": 0.273513806856215, "pcy": -0.544514155699579}}, {"model": "tst.domain_stat", "pk": 4834, "fields": {"DOPE": 0.0, "nDOPE": 0.0, "nbpair_count": 134292, "atom_count": 955, "res_count": 118, "maha_dist": 0.292466737813216, "pcx": -0.544604121130636, "pcy": -0.0688165494581343}}, {"model": "tst.domain_stat", "pk": 4835, "fields": {"DOPE": 0.0, "nDOPE": 0.0, "nbpair_count": 192214, "atom_count": 1157, "res_count": 148, "maha_dist": 1.23011432907238, "pcx": 0.607071544829072, "pcy": 0.948079458864753}}, {"model": "tst.domain_stat", "pk": 4836, "fields": {"DOPE": 0.0, "nDOPE": 0.0, "nbpair_count": 93491, "atom_count": 770, "res_count": 96, "maha_dist": 2.07122688784601, "pcx": -1.35586267803202, "pcy": 0.543716596502898}}, {"model": "tst.domain_stat", "pk": 4837, "fields": {"DOPE": 0.0, "nDOPE": 0.0, "nbpair_count": 100043, "atom_count": 853, "res_count": 105, "maha_dist": 2.88546531803648, "pcx": -1.22558299785606, "pcy": -1.21278603899179}}, {"model": "tst.domain_stat", "pk": 4838, "fields": {"DOPE": 0.0, "nDOPE": 0.0, "nbpair_count": 164729, "atom_count": 1068, "res_count": 131, "maha_dist": 0.0653615182598912, "pcx": 0.0605818914367676, "pcy": 0.25233312259455}}, {"model": "tst.domain_stat", "pk": 4839, "fields": {"DOPE": 0.0, "nDOPE": 0.0, "nbpair_count": 133963, "atom_count": 960, "res_count": 120, "maha_dist": 0.363431418655409, "pcx": -0.551145204127905, "pcy": -0.265863603967909}}, {"model": "tst.domain_stat", "pk": 4841, "fields": {"DOPE": 0.0, "nDOPE": 0.0, "nbpair_count": 92446, "atom_count": 759, "res_count": 95, "maha_dist": 2.39154057496944, "pcx": -1.37664123183802, "pcy": 0.754234990097353}}, {"model": "tst.domain_stat", "pk": 4842, "fields": {"DOPE": 0.0, "nDOPE": 0.0, "nbpair_count": 96575, "atom_count": 777, "res_count": 100, "maha_dist": 2.12232991335267, "pcx": -1.29454314087936, "pcy": 0.714703433203038}}, {"model": "tst.domain_stat", "pk": 4843, "fields": {"DOPE": 0.0, "nDOPE": 0.0, "nbpair_count": 103573, "atom_count": 819, "res_count": 102, "maha_dist": 1.37737304253154, "pcx": -1.15539897439621, "pcy": 0.290111753540126}}, {"model": "tst.domain_stat", "pk": 4844, "fields": {"DOPE": 0.0, "nDOPE": 0.0, "nbpair_count": 130903, "atom_count": 947, "res_count": 117, "maha_dist": 0.422795144882256, "pcx": -0.611988034185601, "pcy": -0.247139161168842}}, {"model": "tst.domain_stat", "pk": 4845, "fields": {"DOPE": 0.0, "nDOPE": 0.0, "nbpair_count": 85018, "atom_count": 712, "res_count": 91, "maha_dist": 3.84594088658729, "pcx": -1.52433546340598, "pcy": 1.28018980812224}}, {"model": "tst.domain_stat", "pk": 4846, "fields": {"DOPE": 0.0, "nDOPE": 0.0, "nbpair_count": 181095, "atom_count": 1130, "res_count": 140, "maha_dist": 0.289550569168913, "pcx": 0.385991009341921, "pcy": 0.38643986537093}}, {"model": "tst.domain_stat", "pk": 4847, "fields": {"DOPE": 0.0, "nDOPE": 0.0, "nbpair_count": 234157, "atom_count": 1289, "res_count": 157, "maha_dist": 6.41305090022266, "pcx": 1.44103214446365, "pcy": 2.12857044389172}}, {"model": "tst.domain_stat", "pk": 4848, "fields": {"DOPE": 0.0, "nDOPE": 0.0, "nbpair_count": 195529, "atom_count": 1209, "res_count": 150, "maha_dist": 0.501205801603367, "pcx": 0.672987665280381, "pcy": -0.251955270986479}}, {"model": "tst.domain_stat", "pk": 4849, "fields": {"DOPE": 0.0, "nDOPE": 0.0, "nbpair_count": 102536, "atom_count": 817, "res_count": 100, "maha_dist": 1.39000733561529, "pcx": -1.17601773968048, "pcy": 0.221610121575498}}, {"model": "tst.domain_stat", "pk": 4850, "fields": {"DOPE": 0.0, "nDOPE": 0.0, "nbpair_count": 225137, "atom_count": 1344, "res_count": 165, "maha_dist": 2.04796138241134, "pcx": 1.26169249659074, "pcy": -0.71982835612986}}, {"model": "tst.domain_stat", "pk": 4851, "fields": {"DOPE": 0.0, "nDOPE": 0.0, "nbpair_count": 199962, "atom_count": 1218, "res_count": 157, "maha_dist": 0.562979802635675, "pcx": 0.76112944360875, "pcy": 0.0268657165690847}}, {"model": "tst.domain_stat", "pk": 4852, "fields": {"DOPE": 0.0, "nDOPE": 0.0, "nbpair_count": 198812, "atom_count": 1194, "res_count": 146, "maha_dist": 0.912557046170068, "pcx": 0.738262134293887, "pcy": 0.628632890534084}}, {"model": "tst.domain_stat", "pk": 4853, "fields": {"DOPE": 0.0, "nDOPE": 0.0, "nbpair_count": 223949, "atom_count": 1291, "res_count": 161, "maha_dist": 2.07742035856093, "pcx": 1.23806729949355, "pcy": 0.779462540833928}}, {"model": "tst.domain_stat", "pk": 4854, "fields": {"DOPE": 0.0, "nDOPE": 0.0, "nbpair_count": 94224, "atom_count": 788, "res_count": 96, "maha_dist": 1.75175346574236, "pcx": -1.34128703619953, "pcy": 0.0760656993741561}}, {"model": "tst.domain_stat", "pk": 4855, "fields": {"DOPE": 0.0, "nDOPE": 0.0, "nbpair_count": 263483, "atom_count": 1472, "res_count": 182, "maha_dist": 3.99343922495811, "pcx": 2.02413385481487, "pcy": 0.131661203843872}}, {"model": "tst.domain_stat", "pk": 4856, "fields": {"DOPE": 0.0, "nDOPE": 0.0, "nbpair_count": 98917, "atom_count": 868, "res_count": 108, "maha_dist": 4.73172481329786, "pcx": -1.24796997488925, "pcy": -1.82145034395003}}, {"model": "tst.domain_stat", "pk": 4857, "fields": {"DOPE": 0.0, "nDOPE": 0.0, "nbpair_count": 232478, "atom_count": 1418, "res_count": 180, "maha_dist": 6.19063269829703, "pcx": 1.40765908787792, "pcy": -2.09683655082199}}, {"model": "tst.domain_stat", "pk": 4858, "fields": {"DOPE": 0.0, "nDOPE": 0.0, "nbpair_count": 230050, "atom_count": 1354, "res_count": 169, "maha_dist": 1.95799856607424, "pcx": 1.35937816454258, "pcy": -0.411610084570495}}, {"model": "tst.domain_stat", "pk": 4859, "fields": {"DOPE": 0.0, "nDOPE": 0.0, "nbpair_count": 228298, "atom_count": 1354, "res_count": 169, "maha_dist": 2.09107644135845, "pcx": 1.32454326145982, "pcy": -0.632477306034193}}, {"model": "tst.domain_stat", "pk": 4860, "fields": {"DOPE": 0.0, "nDOPE": 0.0, "nbpair_count": 330936, "atom_count": 1748, "res_count": 220, "maha_dist": 1.51346105914437, "pcx": 0.522035598682474, "pcy": 1.13437310845697}}, {"model": "tst.domain_stat", "pk": 4861, "fields": {"DOPE": 0.0, "nDOPE": 0.0, "nbpair_count": 294290, "atom_count": 1664, "res_count": 217, "maha_dist": 0.269702531096498, "pcx": -0.0633588003433552, "pcy": -0.523317300963932}}, {"model": "tst.domain_stat", "pk": 4862, "fields": {"DOPE": 0.0, "nDOPE": 0.0, "nbpair_count": 315238, "atom_count": 1759, "res_count": 222, "maha_dist": 0.57782449242888, "pcx": 0.271274062540984, "pcy": -0.722318979762614}}, {"model": "tst.domain_stat", "pk": 4863, "fields": {"DOPE": 0.0, "nDOPE": 0.0, "nbpair_count": 319543, "atom_count": 1719, "res_count": 228, "maha_dist": 0.573538352073577, "pcx": 0.340040145166037, "pcy": 0.689413520183548}}, {"model": "tst.domain_stat", "pk": 4864, "fields": {"DOPE": 0.0, "nDOPE": 0.0, "nbpair_count": 353866, "atom_count": 1882, "res_count": 242, "maha_dist": 0.798830332819791, "pcx": 0.888331816962858, "pcy": 0.1841301050173}}, {"model": "tst.domain_stat", "pk": 4865, "fields": {"DOPE": 0.0, "nDOPE": 0.0, "nbpair_count": 315266, "atom_count": 1746, "res_count": 222, "maha_dist": 0.228690493216419, "pcx": 0.271720477916518, "pcy": -0.402229399774797}}, {"model": "tst.domain_stat", "pk": 4866, "fields": {"DOPE": 0.0, "nDOPE": 0.0, "nbpair_count": 328612, "atom_count": 1764, "res_count": 223, "maha_dist": 0.479460989773936, "pcx": 0.484912725111331, "pcy": 0.508772797721418}}, {"model": "tst.domain_stat", "pk": 4867, "fields": {"DOPE": 0.0, "nDOPE": 0.0, "nbpair_count": 326735, "atom_count": 1777, "res_count": 225, "maha_dist": 0.200876813869549, "pcx": 0.454930099563786, "pcy": 0.00161076326542796}}, {"model": "tst.domain_stat", "pk": 4868, "fields": {"DOPE": 0.0, "nDOPE": 0.0, "nbpair_count": 283701, "atom_count": 1592, "res_count": 209, "maha_dist": 0.0780881055014227, "pcx": -0.232513881977554, "pcy": 0.162455244348917}}, {"model": "tst.domain_stat", "pk": 4869, "fields": {"DOPE": 0.0, "nDOPE": 0.0, "nbpair_count": 353954, "atom_count": 1871, "res_count": 243, "maha_dist": 0.97504977403145, "pcx": 0.889736814010192, "pcy": 0.461481460814929}}, {"model": "tst.domain_stat", "pk": 4870, "fields": {"DOPE": 0.0, "nDOPE": 0.0, "nbpair_count": 300391, "atom_count": 1669, "res_count": 222, "maha_dist": 0.00189339483442671, "pcx": 0.0340998424427649, "pcy": -0.0280708243706646}}, {"model": "tst.domain_stat", "pk": 4871, "fields": {"DOPE": 0.0, "nDOPE": 0.0, "nbpair_count": 351875, "atom_count": 1850, "res_count": 242, "maha_dist": 1.27803820290037, "pcx": 0.856525157760099, "pcy": 0.763630334268702}}, {"model": "tst.domain_stat", "pk": 4872, "fields": {"DOPE": 0.0, "nDOPE": 0.0, "nbpair_count": 299456, "atom_count": 1649, "res_count": 219, "maha_dist": 0.129959229068861, "pcx": 0.0191626842387509, "pcy": 0.365417814369055}}, {"model": "tst.domain_stat", "pk": 4873, "fields": {"DOPE": 0.0, "nDOPE": 0.0, "nbpair_count": 272057, "atom_count": 1497, "res_count": 191, "maha_dist": 1.81734843906223, "pcx": -0.418523218934154, "pcy": 1.3027885166424}}, {"model": "tst.domain_stat", "pk": 4874, "fields": {"DOPE": 0.0, "nDOPE": 0.0, "nbpair_count": 345528, "atom_count": 1853, "res_count": 227, "maha_dist": 0.555721474731847, "pcx": 0.755137402968053, "pcy": 0.0482599425958419}}, {"model": "tst.domain_stat", "pk": 4875, "fields": {"DOPE": 0.0, "nDOPE": 0.0, "nbpair_count": 395210, "atom_count": 2066, "res_count": 261, "maha_dist": 2.34292185546438, "pcx": 1.54877941254361, "pcy": -0.123295655759719}}, {"model": "tst.domain_stat", "pk": 4877, "fields": {"DOPE": 0.0, "nDOPE": 0.0, "nbpair_count": 264159, "atom_count": 1547, "res_count": 202, "maha_dist": 0.78624027708257, "pcx": -0.544683773513691, "pcy": -0.716509125479475}}, {"model": "tst.domain_stat", "pk": 4878, "fields": {"DOPE": 0.0, "nDOPE": 0.0, "nbpair_count": 317946, "atom_count": 1763, "res_count": 236, "maha_dist": 0.385320735252974, "pcx": 0.314532335633188, "pcy": -0.545954696848435}}, {"model": "tst.domain_stat", "pk": 4879, "fields": {"DOPE": 0.0, "nDOPE": 0.0, "nbpair_count": 298790, "atom_count": 1648, "res_count": 215, "maha_dist": 0.100979995299139, "pcx": 0.00852383165628537, "pcy": 0.322439667923448}}, {"model": "tst.domain_stat", "pk": 4880, "fields": {"DOPE": 0.0, "nDOPE": 0.0, "nbpair_count": 294670, "atom_count": 1667, "res_count": 221, "maha_dist": 0.305482562402408, "pcx": -0.0572884232656792, "pcy": -0.558083906153612}}, {"model": "tst.domain_stat", "pk": 4881, "fields": {"DOPE": 0.0, "nDOPE": 0.0, "nbpair_count": 434623, "atom_count": 2255, "res_count": 278, "maha_dist": 5.14898655706036, "pcx": 2.17838124847588, "pcy": -0.748112016356865}}, {"model": "tst.domain_stat", "pk": 4882, "fields": {"DOPE": 0.0, "nDOPE": 0.0, "nbpair_count": 350026, "atom_count": 1887, "res_count": 235, "maha_dist": 0.76720533486689, "pcx": 0.826991397920984, "pcy": -0.326403445359745}}, {"model": "tst.domain_stat", "pk": 4883, "fields": {"DOPE": 0.0, "nDOPE": 0.0, "nbpair_count": 270760, "atom_count": 1501, "res_count": 189, "maha_dist": 1.30669866336651, "pcx": -0.43924143136867, "pcy": 1.07394718563281}}, {"model": "tst.domain_stat", "pk": 4884, "fields": {"DOPE": 0.0, "nDOPE": 0.0, "nbpair_count": 241136, "atom_count": 1377, "res_count": 176, "maha_dist": 1.98868246174463, "pcx": -0.912467972194889, "pcy": 1.10288157404344}}, {"model": "tst.domain_stat", "pk": 4885, "fields": {"DOPE": 0.0, "nDOPE": 0.0, "nbpair_count": 295376, "atom_count": 1640, "res_count": 219, "maha_dist": 0.0308567454415529, "pcx": -0.0460124588416063, "pcy": 0.172263321589565}}, {"model": "tst.domain_stat", "pk": 4886, "fields": {"DOPE": 0.0, "nDOPE": 0.0, "nbpair_count": 282636, "atom_count": 1714, "res_count": 222, "maha_dist": 8.35095455724459, "pcx": -0.249518276180908, "pcy": -2.92262799824127}}, {"model": "tst.domain_stat", "pk": 4887, "fields": {"DOPE": 0.0, "nDOPE": 0.0, "nbpair_count": 420794, "atom_count": 2174, "res_count": 268, "maha_dist": 3.74720702611221, "pcx": 1.95746931286057, "pcy": -0.17050701858107}}, {"model": "tst.domain_stat", "pk": 4888, "fields": {"DOPE": 0.0, "nDOPE": 0.0, "nbpair_count": 249301, "atom_count": 1449, "res_count": 193, "maha_dist": 0.62225746313469, "pcx": -0.782034239104203, "pcy": 0.171860986745273}}, {"model": "tst.domain_stat", "pk": 4889, "fields": {"DOPE": 0.0, "nDOPE": 0.0, "nbpair_count": 217664, "atom_count": 1427, "res_count": 188, "maha_dist": 7.63664568826129, "pcx": -1.28740999633575, "pcy": -2.49211450284713}}, {"model": "tst.domain_stat", "pk": 4890, "fields": {"DOPE": 0.0, "nDOPE": 0.0, "nbpair_count": 139774, "atom_count": 965, "res_count": 127, "maha_dist": 7.0108269864537, "pcx": -2.53166742326478, "pcy": 0.902184209046805}}, {"model": "tst.domain_stat", "pk": 4891, "fields": {"DOPE": 0.0, "nDOPE": 0.0, "nbpair_count": 283853, "atom_count": 1569, "res_count": 206, "maha_dist": 0.58163414783794, "pcx": -0.230087333796648, "pcy": 0.739134117648143}}, {"model": "tst.domain_stat", "pk": 4892, "fields": {"DOPE": 0.0, "nDOPE": 0.0, "nbpair_count": 217938, "atom_count": 1230, "res_count": 162, "maha_dist": 6.92718982706974, "pcx": -1.28304612459185, "pcy": 2.34326637676644}}, {"model": "tst.domain_stat", "pk": 4893, "fields": {"DOPE": 0.0, "nDOPE": 0.0, "nbpair_count": 200902, "atom_count": 1302, "res_count": 169, "maha_dist": 3.60321117025488, "pcx": -1.55517703863196, "pcy": -1.13746374273964}}, {"model": "tst.domain_stat", "pk": 4894, "fields": {"DOPE": 0.0, "nDOPE": 0.0, "nbpair_count": 173710, "atom_count": 1185, "res_count": 149, "maha_dist": 4.87821426109555, "pcx": -1.98955397410866, "pcy": -1.03330243384147}}]